<?xml version="1.0" encoding="UTF-8"?>
<beans xmlns="http://www.springframework.org/schema/beans"
	xmlns:xsi="http://www.w3.org/2001/XMLSchema-instance"
	xmlns:p="http://www.springframework.org/schema/p"
	xsi:schemaLocation="http://www.springframework.org/schema/beans http://www.springframework.org/schema/beans/spring-beans.xsd">

	<bean id="emp" class="com.clps.spring5.bean.Emp">
		<property name="ename" value="Lucy"></property>
		<property name="gender" value="female"></property>
		
		<!-- 级联赋值 -->
		<property name="dept" ref="dept"></property>
	</bean>
	
	<bean id="dept" class="com.clps.spring5.bean.Dept">
		<property name="dname" value="Tech"></property>
	</bean>

</beans>