<?xml version="1.0" encoding="UTF-8"?>
<beans xmlns="http://www.springframework.org/schema/beans"
	xmlns:xsi="http://www.w3.org/2001/XMLSchema-instance"
	xmlns:p="http://www.springframework.org/schema/p"
	xsi:schemaLocation="http://www.springframework.org/schema/beans http://www.springframework.org/schema/beans/spring-beans.xsd">


	<!-- User user = new User(); -->
	<bean id="user" class="com.clps.spring5.bean.User" p:username="Lucy" scope="prototype">
		<!-- <property name="username" value="Tom"></property> -->
	</bean>


	<bean id="order" class="com.clps.spring5.bean.Order">
		<constructor-arg name="address" value="DaLian"></constructor-arg>
	</bean>

</beans>