<?xml version="1.0" encoding="UTF-8"?>
<beans xmlns="http://www.springframework.org/schema/beans"
	xmlns:xsi="http://www.w3.org/2001/XMLSchema-instance"
	xmlns:p="http://www.springframework.org/schema/p"
	xsi:schemaLocation="http://www.springframework.org/schema/beans http://www.springframework.org/schema/beans/spring-beans.xsd">

	<!-- 集合类型属性注入 -->
	<bean id="student" class="com.clps.spring5.bean.Student">

		<!-- array 类型属性注入 -->
		<property name="courses">
			<array>
				<value>Java</value>
				<value>JavaScript</value>
				<value>jQuery</value>
				<value>Angular</value>
				<value>Spring</value>
				<value>Spring</value>
			</array>
		</property>

		<!-- list 类型属性注入 -->
		<property name="list">
			<list>
				<value>AAAA</value>
				<value>BBBB</value>
				<value>CCCC</value>
				<value>DDDD</value>
				<value>DDDD</value>
			</list>
		</property>

		<!--注入 list 集合类型，值是对象 -->
		<property name="courseList">
			<list>
				<ref bean="course1"></ref>
				<ref bean="course2"></ref>
			</list>
		</property>

		<!-- set 类型属性注入 -->
		<property name="sets">
			<set>
				<value>Java</value>
				<value>JavaScript</value>
				<value>jQuery</value>
				<value>Angular</value>
				<value>Spring</value>
				<value>Spring</value>
			</set>
		</property>
		
		<!-- map 类型属性注入 -->
		<property name="maps">
			<map>
				<entry key="k1" value="Java"></entry>
				<entry key="k2" value="JavaScript"></entry>
				<entry key="k3" value="jQuery"></entry>
				<entry key="k4" value="Angular"></entry>
				<entry key="k5" value="Spring"></entry>
				<entry key="k6" value="Spring"></entry>
				<entry key="k6" value="Oracle"></entry>
			</map>
		</property>

	</bean>

	<bean id="course1" class="com.clps.spring5.bean.Course">
		<property name="cname" value="Java"></property>
	</bean>
	<bean id="course2" class="com.clps.spring5.bean.Course">
		<property name="cname" value="JavaScript"></property>
	</bean>

</beans>