<?xml version="1.0" encoding="UTF-8"?>
<beans xmlns="http://www.springframework.org/schema/beans"
	xmlns:xsi="http://www.w3.org/2001/XMLSchema-instance"
	xmlns:p="http://www.springframework.org/schema/p"
	xmlns:util="http://www.springframework.org/schema/util"
	xsi:schemaLocation="http://www.springframework.org/schema/beans http://www.springframework.org/schema/beans/spring-beans.xsd
						http://www.springframework.org/schema/util http://www.springframework.org/schema/util/spring-util.xsd">

	<bean id="book" class="com.clps.spring5.bean.Book">
		<property name="list" ref="bookList"></property>
	</bean>

	<util:list id="bookList">
		<value>Effective Java Programming Language Guide</value>
		<value>Design Patterns: Elements of Reusable Object-Oriented Software</value>
		<value>Refactoring: Improving the Design of Existing Code</value>
	</util:list>

</beans>